<?xml version="1.0"?>
<DARoots Version="1" Minor="16">
	<FileSet Name="sources_1" Type="DesignSrcs" RelSrcDir="$PSRCDIR/sources_1">
		<Filter Type="EDIFSrcs"/>
		<File Path="$PPRDIR/../scrod_top_csp.ngc">
		</File>
		<File Path="$PPRDIR/../scrod_top.ngc">
		</File>
		<File Path="$PPRDIR/../../../../../Google Drive/KLMdebug/TARGETX/TARGETX_all2.edf">
		</File>
		<File Path="$PPRDIR/../../../../../Google Drive/KLMdebug/TARGETX/TARGETX_all.edf">
		</File>
		<File Path="$PPRDIR/../../../../../Google Drive/KLMdebug/TARGETX/TARGETX3_singlelib.edf">
		</File>
		<File Path="$PPRDIR/../../../../../Google Drive/KLMdebug/TARGETX/T7_storebank_512.edf">
		</File>
		<File Path="$PPRDIR/../../../../../Google Drive/KLMdebug/TARGETX/T7_ColSel64.edf">
		</File>
		<File Path="$PPRDIR/../../../../../Google Drive/KLMdebug/TARGETX/design.old.edif">
		</File>
		<File Path="$PPRDIR/../../../../../Google Drive/KLMdebug/TARGETX/Design.edif">
		</File>
		<File Path="$PPRDIR/../../../../../Google Drive/KLMdebug/TARGETX/core_singlelib01.edf">
		</File>
		<File Path="$PPRDIR/../ipcore_dir/waveform_fifo_wr32_rd32.ngc">
		</File>
		<File Path="$PPRDIR/../ipcore_dir/trig_fifo.ngc">
		</File>
		<File Path="$PPRDIR/../ipcore_dir/s6_vio.ngc">
		</File>
		<File Path="$PPRDIR/../ipcore_dir/s6_icon.ngc">
		</File>
		<File Path="$PPRDIR/../ipcore_dir/fifo_wr32_rd16.ngc">
		</File>
		<File Path="$PPRDIR/../ipcore_dir/fifo_wr16_rd32.ngc">
		</File>
		<File Path="$PPRDIR/../ipcore_dir/FIFO_OUT_1.ngc">
		</File>
		<File Path="$PPRDIR/../ipcore_dir/FIFO_OUT_0.ngc">
		</File>
		<File Path="$PPRDIR/../ipcore_dir/FIFO_INP_0.ngc">
		</File>
		<File Path="$PPRDIR/../ipcore_dir/ethercon.ngc">
		</File>
		<File Path="$PPRDIR/../ipcore_dir/daq_fifo.ngc">
		</File>
		<File Path="$PPRDIR/../ipcore_dir/buffer_fifo_wr32_rd32.ngc">
		</File>
		<Config>
			<Option Name="DesignMode" Val="GateLvl"/>
			<Option Name="GateLvlMode" Val="EDIF"/>
			<Option Name="TopFile" Val="$PPRDIR/../scrod_top.ngc"/>
			<Option Name="ConstrsType" Val="UCF"/>
			<Option Name="SrcSet" Val="sources_1"/>
		</Config>
	</FileSet>
</DARoots>

