<?xml version="1.0"?>
<DARoots Version="1" Minor="16">
	<FileSet Name="constrs_1" Type="Constrs" RelSrcDir="$PSRCDIR/constrs_1">
		<Filter Type="Constrs"/>
		<File Path="$PPRDIR/../ipcore_dir/buffer_fifo_wr32_rd32.ncf">
		</File>
		<File Path="$PPRDIR/../ipcore_dir/daq_fifo.ncf">
		</File>
		<File Path="$PPRDIR/../ipcore_dir/ethercon.ncf">
		</File>
		<File Path="$PPRDIR/../ipcore_dir/FIFO_INP_0.ncf">
		</File>
		<File Path="$PPRDIR/../ipcore_dir/FIFO_OUT_0.ncf">
		</File>
		<File Path="$PPRDIR/../ipcore_dir/FIFO_OUT_1.ncf">
		</File>
		<File Path="$PPRDIR/../ipcore_dir/fifo_wr16_rd32.ncf">
		</File>
		<File Path="$PPRDIR/../ipcore_dir/fifo_wr32_rd16.ncf">
		</File>
		<File Path="$PPRDIR/../ipcore_dir/s6_icon.ncf">
		</File>
		<File Path="$PPRDIR/../ipcore_dir/s6_vio.ncf">
		</File>
		<File Path="$PPRDIR/../ipcore_dir/trig_fifo.ncf">
		</File>
		<File Path="$PPRDIR/../ipcore_dir/waveform_fifo_wr32_rd32.ncf">
		</File>
		<File Path="$PPRDIR/../../src/pin_mappings_SCROD_revA3_TargetX_9UVME.ucf">
		</File>
		<Config>
			<Option Name="TargetPart" Val="xc6slx150tfgg676-3"/>
			<Option Name="ConstrsType" Val="UCF"/>
			<Option Name="SrcSet" Val="sources_1"/>
		</Config>
	</FileSet>
</DARoots>

