#Release 13.2 - par O.61xd (nt64)
#Copyright (c) 1995-2011 Xilinx, Inc.  All rights reserved.

#Sat Sep 13 12:35:32 2014

#
## NOTE: This file is designed to be imported into a spreadsheet program
# such as Microsoft Excel for viewing, printing and sorting. The |
# character is used as the data field separator. This file is also designed
# to support parsing.
#
#INPUT FILE:       scrod_top_map.ncd
#OUTPUT FILE:      scrod_top_pad.csv
#PART TYPE:        xc6slx150t
#SPEED GRADE:      -3
#PACKAGE:          fgg676
#
# Pinout by Pin Number:
# 
# -----,-----,-----,-----,-----,-----,-----,-----,-----,-----,-----,-----,-----,-----,-----,
Pin Number,Signal Name,Pin Usage,Pin Name,Direction,IO Standard,IO Bank Number,Drive (mA),Slew Rate,Termination,IOB Delay,Voltage,Constraint,IO Register,Signal Integrity,
A1,,,GND,,,,,,,,,,,,
A2,USB_FDD<6>,IOB,IO_L14N_0,BIDIR,LVCMOS33,0,12,,,NONE,,LOCATED,NO,NONE,
A3,USB_FDD<5>,IOB,IO_L14P_0,BIDIR,LVCMOS33,0,12,,,NONE,,LOCATED,NO,NONE,
A4,USB_FDD<14>,IOB,IO_L22N_0,BIDIR,LVCMOS33,0,12,,,NONE,,LOCATED,NO,NONE,
A5,mgttxfault<2>,IOB,IO_L24N_0,INPUT,LVCMOS25*,0,,,,NONE,,UNLOCATED,NO,NONE,
A6,FIBER_0_TXN,OPAD,MGTTXN0_101,OUTPUT,,,,,,,,LOCATED,NO,NONE,
A7,,,MGTAVTTTX_101,,,,,,,,,,,,
A8,FIBER_1_TXN,OPAD,MGTTXN1_101,OUTPUT,,,,,,,,LOCATED,NO,NONE,
A9,,,GND,,,,,,,,,,,,
A10,FIBER_REFCLKN,IPAD,MGTREFCLK0N_101,INPUT,,,,,,NONE,,LOCATED,NO,NONE,
A11,,,GND,,,,,,,,,,,,
A12,,IOBS,IO_L36N_GCLK14_0,UNUSED,,0,,,,,,,,,
A13,,IOBS,IO_L35N_GCLK16_0,UNUSED,,0,,,,,,,,,
A14,,IOBS,IO_L37N_GCLK12_0,UNUSED,,0,,,,,,,,,
A15,,,GND,,,,,,,,,,,,
A16,,IPAD,MGTREFCLK1N_123,UNUSED,,,,,,,,,,,
A17,,,GND,,,,,,,,,,,,
A18,,OPAD,MGTTXN0_123,UNUSED,,,,,,,,,,,
A19,,,MGTAVTTTX_123,,,,,,,,,,,,
A20,,OPAD,MGTTXN1_123,UNUSED,,,,,,,,,,,
A21,,,GND,,,,,,,,,,,,
A22,LEDS<13>,IOB,IO_L63N_SCP6_0,OUTPUT,LVCMOS33,0,12,,,,,LOCATED,NO,NONE,
A23,,IOBS,IO_L65N_SCP2_0,UNUSED,,0,,,,,,,,,
A24,,,TCK,,,,,,,,,,,,
A25,TDC8_TRG<1>,IOB,IO_L2N_M5A14_5,INPUT,LVCMOS25*,5,,,,NONE,,LOCATED,NO,NONE,
A26,,,GND,,,,,,,,,,,,
AA1,WL_CLK_N<3>,IOB,IO_L36N_M3DQ9_3,OUTPUT,LVCMOS25*,3,12,,,,,LOCATED,YES,NONE,
AA2,WL_CLK_P<3>,IOB,IO_L36P_M3DQ8_3,OUTPUT,LVCMOS25*,3,12,,,,,LOCATED,YES,NONE,
AA3,TDC2_TRG<1>,IOB,IO_L2N_3,INPUT,LVCMOS25*,3,,,,NONE,,LOCATED,NO,NONE,
AA4,WR1_ENA<3>,IOB,IO_L2P_3,OUTPUT,LVCMOS25*,3,12,,,,,LOCATED,NO,NONE,
AA5,,,VCCAUX,,,,,,,,2.5,,,,
AA6,BUSB_DO<0>,IOB,IO_L64N_D9_2,INPUT,LVCMOS25*,2,,,,NONE,,LOCATED,NO,NONE,
AA7,BUSA_CLR,IOB,IO_L64P_D8_2,OUTPUT,LVCMOS25*,2,12,,,,,LOCATED,NO,NONE,
AA8,BUSA_RD_COLSEL_S<3>,IOB,IO_L52N_2,OUTPUT,LVCMOS25*,2,12,,,,,LOCATED,NO,NONE,
AA9,BUSA_DO<10>,IOB,IO_L47P_2,INPUT,LVCMOS25*,2,,,,NONE,,LOCATED,NO,NONE,
AA10,BUSA_DO<9>,IOB,IO_L48P_D7_2,INPUT,LVCMOS25*,2,,,,NONE,,LOCATED,NO,NONE,
AA11,BUSA_RD_ENA,IOB,IO_L41N_VREF_2,OUTPUT,LVCMOS25*,2,12,,,,,LOCATED,NO,NONE,
AA12,BUSA_DO<15>,IOB,IO_L33N_2,INPUT,LVCMOS25*,2,,,,NONE,,LOCATED,NO,NONE,
AA13,BUSA_SAMPLESEL_S<4>,IOB,IO_L36N_2,OUTPUT,LVCMOS25*,2,12,,,,,LOCATED,NO,NONE,
AA14,,,VCCO_2,,,2,,,,,2.50,,,,
AA15,BUSB_DO<5>,IOB,IO_L28P_2,INPUT,LVCMOS25*,2,,,,NONE,,LOCATED,NO,NONE,
AA16,BUSB_SAMPLESEL_S<1>,IOB,IO_L24N_VREF_2,OUTPUT,LVCMOS25*,2,12,,,,,LOCATED,NO,NONE,
AA17,BUSB_RD_COLSEL_S<2>,IOB,IO_L16N_VREF_2,OUTPUT,LVCMOS25*,2,12,,,,,LOCATED,NO,NONE,
AA18,BUSB_DO<8>,IOB,IO_L20P_2,INPUT,LVCMOS25*,2,,,,NONE,,LOCATED,NO,NONE,
AA19,BUSB_DO<10>,IOB,IO_L18P_2,INPUT,LVCMOS25*,2,,,,NONE,,LOCATED,NO,NONE,
AA20,,,VCCO_2,,,2,,,,,2.50,,,,
AA21,BUSB_DO<13>,IOB,IO_L15P_2,INPUT,LVCMOS25*,2,,,,NONE,,LOCATED,NO,NONE,
AA22,BUSB_RD_ROWSEL_S<0>,IOB,IO_L2N_CMPMOSI_2,OUTPUT,LVCMOS25*,2,12,,,,,LOCATED,NO,NONE,
AA23,TDC_DONE<8>,IOB,IO_L67P_1,INPUT,LVCMOS25*,1,,,,NONE,,LOCATED,NO,NONE,
AA24,TDC6_TRG<2>,IOB,IO_L67N_1,INPUT,LVCMOS25*,1,,,,NONE,,LOCATED,NO,NONE,
AA25,WL_CLK_P<6>,IOB,IO_L47P_FWE_B_M1DQ0_1,OUTPUT,LVCMOS25*,1,12,,,,,LOCATED,YES,NONE,
AA26,WL_CLK_N<6>,IOB,IO_L47N_LDC_M1DQ1_1,OUTPUT,LVCMOS25*,1,12,,,,,LOCATED,YES,NONE,
AB1,TDC_MON_TIMING<2>,IOB,IO_L32N_M3DQ15_3,INPUT,LVCMOS25*,3,,,,NONE,,LOCATED,NO,NONE,
AB2,,,GND,,,,,,,,,,,,
AB3,TDC2_TRG<0>,IOB,IO_L32P_M3DQ14_3,INPUT,LVCMOS25*,3,,,,NONE,,LOCATED,NO,NONE,
AB4,WR2_ENA<3>,IOB,IO_L8P_3,OUTPUT,LVCMOS25*,3,12,,,,,LOCATED,NO,NONE,
AB5,WL_CLK_P<1>,IOB,IO_L1P_3,OUTPUT,LVCMOS25*,3,12,,,,,LOCATED,YES,NONE,
AB6,,,VCCO_2,,,2,,,,,2.50,,,,
AB7,BUSA_RD_COLSEL_S<4>,IOB,IO_L53P_2,OUTPUT,LVCMOS25*,2,12,,,,,LOCATED,NO,NONE,
AB8,,,VCCAUX,,,,,,,,2.5,,,,
AB9,BUSA_RD_ROWSEL_S<1>,IOB,IO_L47N_2,OUTPUT,LVCMOS25*,2,12,,,,,LOCATED,NO,NONE,
AB10,,,MGTRREF_245,,,,,,,,,,,,
AB11,BUSA_RD_ROWSEL_S<2>,IOB,IO_L48N_RDWR_B_VREF_2,OUTPUT,LVCMOS25*,2,12,,,,,LOCATED,NO,NONE,
AB12,,,MGTAVTTRCAL_245,,,,,,,,,,,,
AB13,BUSA_DO<13>,IOB,IO_L36P_2,INPUT,LVCMOS25*,2,,,,NONE,,LOCATED,NO,NONE,
AB14,RJ45_TRG_P,IOB,IO_L30P_GCLK1_D13_2,INPUT,LVDS_25,2,,,,NONE,,LOCATED,YES,DIFF_TERM,
AB15,BUSB_SAMPLESEL_S<3>,IOB,IO_L28N_2,OUTPUT,LVCMOS25*,2,12,,,,,LOCATED,NO,NONE,
AB16,,,GND,,,,,,,,,,,,
AB17,BUSB_SAMPLESEL_S<0>,IOB,IO_L20N_2,OUTPUT,LVCMOS25*,2,12,,,,,LOCATED,NO,NONE,
AB18,,,VCCAUX,,,,,,,,2.5,,,,
AB19,BUSB_RD_COLSEL_S<4>,IOB,IO_L18N_2,OUTPUT,LVCMOS25*,2,12,,,,,LOCATED,NO,NONE,
AB20,,,GND,,,,,,,,,,,,
AB21,BUSB_RD_COLSEL_S<1>,IOB,IO_L15N_2,OUTPUT,LVCMOS25*,2,12,,,,,LOCATED,NO,NONE,
AB22,BUSB_WR_ADDRCLR,IOB,IO_L5P_2,OUTPUT,LVCMOS25*,2,12,,,,,LOCATED,NO,NONE,
AB23,,,VCCO_1,,,1,,,,,2.50,,,,
AB24,TDC6_TRG<1>,IOB,IO_L49P_M1DQ10_1,INPUT,LVCMOS25*,1,,,,NONE,,LOCATED,NO,NONE,
AB25,,,GND,,,,,,,,,,,,
AB26,SAMPLESEL_ANY<6>,IOB,IO_L49N_M1DQ11_1,OUTPUT,LVCMOS25*,1,12,,,,,LOCATED,NO,NONE,
AC1,SSTIN_N<3>,IOB,IO_L34N_M3UDQSN_3,OUTPUT,LVCMOS25*,3,12,,,,,LOCATED,NO,NONE,
AC2,SSTIN_P<3>,IOB,IO_L34P_M3UDQS_3,OUTPUT,LVCMOS25*,3,12,,,,,LOCATED,NO,NONE,
AC3,TDC5_TRG<0>,IOB,IO_L8N_3,INPUT,LVCMOS25*,3,,,,NONE,,LOCATED,NO,NONE,
AC4,WL_CLK_N<1>,IOB,IO_L1N_VREF_3,OUTPUT,LVCMOS25*,3,12,,,,,LOCATED,YES,NONE,
AC5,BUSA_DO<2>,IOB,IO_L61P_2,INPUT,LVCMOS25*,2,,,,NONE,,LOCATED,NO,NONE,
AC6,BUSA_RD_COLSEL_S<5>,IOB,IO_L53N_2,OUTPUT,LVCMOS25*,2,12,,,,,LOCATED,NO,NONE,
AC7,,,VCCAUX,,,,,,,,2.5,,,,
AC8,mgtrxp,IPAD,MGTRXP0_245,INPUT,,,,,,NONE,,UNLOCATED,NO,NONE,
AC9,,,MGTAVTTRX_245,,,,,,,,,,,,
AC10,,IPAD,MGTRXP1_245,UNUSED,,,,,,,,,,,
AC11,,,GND,,,,,,,,,,,,
AC12,,IPAD,MGTREFCLK1P_245,UNUSED,,,,,,,,,,,
AC13,,,GND,,,,,,,,,,,,
AC14,RJ45_TRG_N,IOB,IO_L30N_GCLK0_USERCCLK_2,,LVDS_25,2,,,,,,LOCATED,NO,DIFF_TERM,
AC15,,,GND,,,,,,,,,,,,
AC16,,IPAD,MGTREFCLK0P_267,UNUSED,,,,,,,,,,,
AC17,,,GND,,,,,,,,,,,,
AC18,,IPAD,MGTRXP0_267,UNUSED,,,,,,,,,,,
AC19,,,MGTAVTTRX_267,,,,,,,,,,,,
AC20,,IPAD,MGTRXP1_267,UNUSED,,,,,,,,,,,
AC21,,,VCCAUX,,,,,,,,2.5,,,,
AC22,BUSB_RD_ROWSEL_S<2>,IOB,IO_L5N_2,OUTPUT,LVCMOS25*,2,12,,,,,LOCATED,NO,NONE,
AC23,TDC6_TRG<0>,IOB,IO_L74P_AWAKE_1,INPUT,LVCMOS25*,1,,,,NONE,,LOCATED,NO,NONE,
AC24,TDC10_TRG<0>,IOB,IO_L74N_DOUT_BUSY_1,INPUT,LVCMOS25*,1,,,,NONE,,LOCATED,NO,NONE,
AC25,SSTIN_P<6>,IOB,IO_L50P_M1UDQS_1,OUTPUT,LVCMOS25*,1,12,,,,,LOCATED,NO,NONE,
AC26,SSTIN_N<6>,IOB,IO_L50N_M1UDQSN_1,OUTPUT,LVCMOS25*,1,12,,,,,LOCATED,NO,NONE,
AD1,PCLK<2>,IOB,IO_L33N_M3DQ13_3,OUTPUT,LVCMOS25*,3,12,,,,,LOCATED,NO,NONE,
AD2,,,VCCO_3,,,3,,,,,2.50,,,,
AD3,TDC5_TRG<1>,IOB,IO_L33P_M3DQ12_3,INPUT,LVCMOS25*,3,,,,NONE,,LOCATED,NO,NONE,
AD4,BUSA_DO<0>,IOB,IO_L63P_2,INPUT,LVCMOS25*,2,,,,NONE,,LOCATED,NO,NONE,
AD5,BUSA_WR_ADDRCLR,IOB,IO_L61N_VREF_2,OUTPUT,LVCMOS25*,2,12,,,,,LOCATED,NO,NONE,
AD6,BUSA_DO<8>,IOB,IO_L49P_D3_2,INPUT,LVCMOS25*,2,,,,NONE,,LOCATED,NO,NONE,
AD7,,,GND,,,,,,,,,,,,
AD8,mgtrxn,IPAD,MGTRXN0_245,INPUT,,,,,,NONE,,UNLOCATED,NO,NONE,
AD9,,,GND,,,,,,,,,,,,
AD10,,IPAD,MGTRXN1_245,UNUSED,,,,,,,,,,,
AD11,,,MGTAVCC_245,,,,,,,,,,,,
AD12,,IPAD,MGTREFCLK1N_245,UNUSED,,,,,,,,,,,
AD13,,,MGTAVCCPLL1_245,,,,,,,,,,,,
AD14,RJ45_ACK_P,IOBM,IO_L32P_GCLK29_2,TRISTATE,LVDS_25,2,,,,,,LOCATED,NO,NONE,
AD15,,,MGTAVCCPLL0_267,,,,,,,,,,,,
AD16,,IPAD,MGTREFCLK0N_267,UNUSED,,,,,,,,,,,
AD17,,,MGTAVCC_267,,,,,,,,,,,,
AD18,,IPAD,MGTRXN0_267,UNUSED,,,,,,,,,,,
AD19,,,GND,,,,,,,,,,,,
AD20,,IPAD,MGTRXN1_267,UNUSED,,,,,,,,,,,
AD21,,,GND,,,,,,,,,,,,
AD22,mgtmod0<2>,IOB,IO_L13P_M1_2,INPUT,LVCMOS25*,2,,,,NONE,,UNLOCATED,NO,NONE,
AD23,mgttxdis<1>,IOB,IO_L3P_D0_DIN_MISO_MISO1_2,OUTPUT,LVCMOS25*,2,12,,,,,UNLOCATED,NO,NONE,
AD24,TDC10_TRG<1>,IOB,IO_L48P_HDC_M1DQ8_1,INPUT,LVCMOS25*,1,,,,NONE,,LOCATED,NO,NONE,
AD25,,,VCCO_1,,,1,,,,,2.50,,,,
AD26,SR_CLOCK<6>,IOB,IO_L48N_M1DQ9_1,OUTPUT,LVCMOS25*,1,12,,,,,LOCATED,NO,NONE,
AE1,WL_CLK_N<4>,IOB,IO_L35N_M3DQ11_3,OUTPUT,LVCMOS25*,3,12,,,,,LOCATED,YES,NONE,
AE2,WL_CLK_P<4>,IOB,IO_L35P_M3DQ10_3,OUTPUT,LVCMOS25*,3,12,,,,,LOCATED,YES,NONE,
AE3,mgtlos<1>,IOB,IO_L65P_INIT_B_2,INPUT,LVCMOS25*,2,,,,NONE,,UNLOCATED,NO,NONE,
AE4,,,VCCO_2,,,2,,,,,2.50,,,,
AE5,BUSA_DO<6>,IOB,IO_L51P_2,INPUT,LVCMOS25*,2,,,,NONE,,LOCATED,NO,NONE,
AE6,,,GND,,,,,,,,,,,,
AE7,mgttxp,OPAD,MGTTXP0_245,OUTPUT,,,,,,,,UNLOCATED,NO,NONE,
AE8,,,GND,,,,,,,,,,,,
AE9,,OPAD,MGTTXP1_245,UNUSED,,,,,,,,,,,
AE10,,,GND,,,,,,,,,,,,
AE11,,IPAD,MGTREFCLK0P_245,UNUSED,,,,,,,,,,,
AE12,,,MGTAVCCPLL0_245,,,,,,,,,,,,
AE13,RJ45_CLK_P,IOB,IO_L31P_GCLK31_D14_2,INPUT,LVDS_25,2,,,,NONE,,LOCATED,NO,DIFF_TERM,
AE14,,,VCCO_2,,,2,,,,,2.50,,,,
AE15,RJ45_RSV_P,IOB,IO_L29P_GCLK3_2,OUTPUT,LVCMOS25*,2,12,,,,,LOCATED,NO,NONE,
AE16,,,MGTAVCCPLL1_267,,,,,,,,,,,,
AE17,,IPAD,MGTREFCLK1P_267,UNUSED,,,,,,,,,,,
AE18,,,GND,,,,,,,,,,,,
AE19,,OPAD,MGTTXP0_267,UNUSED,,,,,,,,,,,
AE20,,,GND,,,,,,,,,,,,
AE21,,OPAD,MGTTXP1_267,UNUSED,,,,,,,,,,,
AE22,,,GND,,,,,,,,,,,,
AE23,,,VCCO_2,,,2,,,,,2.50,,,,
AE24,control_fake,IOB,IO_L1P_CCLK_2,OUTPUT,LVCMOS25*,2,12,,,,,UNLOCATED,NO,NONE,
AE25,WL_CLK_P<5>,IOB,IO_L52P_M1DQ14_1,OUTPUT,LVCMOS25*,1,12,,,,,LOCATED,YES,NONE,
AE26,WL_CLK_N<5>,IOB,IO_L52N_M1DQ15_1,OUTPUT,LVCMOS25*,1,12,,,,,LOCATED,YES,NONE,
AF1,,,GND,,,,,,,,,,,,
AF2,,,PROGRAM_B_2,,,,,,,,,,,,
AF3,mgtlos<2>,IOB,IO_L65N_CSO_B_2,INPUT,LVCMOS25*,2,,,,NONE,,UNLOCATED,NO,NONE,
AF4,BUSA_DO<4>,IOB,IO_L63N_2,INPUT,LVCMOS25*,2,,,,NONE,,LOCATED,NO,NONE,
AF5,BUSA_DO<5>,IOB,IO_L51N_2,INPUT,LVCMOS25*,2,,,,NONE,,LOCATED,NO,NONE,
AF6,BUSA_DO<7>,IOB,IO_L49N_D4_2,INPUT,LVCMOS25*,2,,,,NONE,,LOCATED,NO,NONE,
AF7,mgttxn,OPAD,MGTTXN0_245,OUTPUT,,,,,,,,UNLOCATED,NO,NONE,
AF8,,,MGTAVTTTX_245,,,,,,,,,,,,
AF9,,OPAD,MGTTXN1_245,UNUSED,,,,,,,,,,,
AF10,,,GND,,,,,,,,,,,,
AF11,,IPAD,MGTREFCLK0N_245,UNUSED,,,,,,,,,,,
AF12,,,GND,,,,,,,,,,,,
AF13,RJ45_CLK_N,IOB,IO_L31N_GCLK30_D15_2,,LVDS_25,2,,,,,,LOCATED,NO,DIFF_TERM,
AF14,RJ45_ACK_N,IOBS,IO_L32N_GCLK28_2,,LVDS_25,2,,,,,,LOCATED,NO,,
AF15,RJ45_RSV_N,IOB,IO_L29N_GCLK2_2,OUTPUT,LVCMOS25*,2,12,,,,,LOCATED,NO,NONE,
AF16,,,GND,,,,,,,,,,,,
AF17,,IPAD,MGTREFCLK1N_267,UNUSED,,,,,,,,,,,
AF18,,,GND,,,,,,,,,,,,
AF19,,OPAD,MGTTXN0_267,UNUSED,,,,,,,,,,,
AF20,,,MGTAVTTTX_267,,,,,,,,,,,,
AF21,,OPAD,MGTTXN1_267,UNUSED,,,,,,,,,,,
AF22,BUSB_DO<15>,IOB,IO_L13N_D10_2,INPUT,LVCMOS25*,2,,,,NONE,,LOCATED,NO,NONE,
AF23,SHOUT<6>,IOB,IO_L3N_MOSI_CSI_B_MISO0_2,INPUT,LVCMOS25*,2,,,,NONE,,LOCATED,NO,NONE,
AF24,status_fake,IOB,IO_L1N_M0_CMPMISO_2,OUTPUT,LVCMOS25*,2,12,,,,,UNLOCATED,NO,NONE,
AF25,,,DONE_2,,,,,,,,,,,,
AF26,,,GND,,,,,,,,,,,,
B1,TDC_MON_TIMING<0>,IOB,IO_L75N_M4BA1_4,INPUT,LVCMOS25*,4,,,,NONE,,LOCATED,NO,NONE,
B2,WR2_ENA<0>,IOB,IO_L75P_M4BA0_4,OUTPUT,LVCMOS25*,4,12,,,,,LOCATED,NO,NONE,
B3,USB_PA6,IOB,IO_L4N_0,OUTPUT,LVCMOS33,0,12,,,,,LOCATED,NO,NONE,
B4,USB_FDD<13>,IOB,IO_L22P_0,BIDIR,LVCMOS33,0,12,,,NONE,,LOCATED,NO,NONE,
B5,mgtmod0<1>,IOB,IO_L24P_0,INPUT,LVCMOS25*,0,,,,NONE,,UNLOCATED,NO,NONE,
B6,FIBER_0_TXP,OPAD,MGTTXP0_101,OUTPUT,,,,,,,,LOCATED,NO,NONE,
B7,,,GND,,,,,,,,,,,,
B8,FIBER_1_TXP,OPAD,MGTTXP1_101,OUTPUT,,,,,,,,LOCATED,NO,NONE,
B9,,,GND,,,,,,,,,,,,
B10,FIBER_REFCLKP,IPAD,MGTREFCLK0P_101,INPUT,,,,,,NONE,,LOCATED,NO,NONE,
B11,,,MGTAVCCPLL0_101,,,,,,,,,,,,
B12,,IOBM,IO_L36P_GCLK15_0,UNUSED,,0,,,,,,,,,
B13,,,VCCO_0,,,0,,,,,3.30,,,,
B14,USB_IFCLK,IOB,IO_L37P_GCLK13_0,INPUT,LVCMOS33,0,,,,NONE,,LOCATED,NO,NONE,
B15,,,MGTAVCCPLL1_123,,,,,,,,,,,,
B16,,IPAD,MGTREFCLK1P_123,UNUSED,,,,,,,,,,,
B17,,,GND,,,,,,,,,,,,
B18,,OPAD,MGTTXP0_123,UNUSED,,,,,,,,,,,
B19,,,GND,,,,,,,,,,,,
B20,,OPAD,MGTTXP1_123,UNUSED,,,,,,,,,,,
B21,LEDS<9>,IOB,IO_L59N_0,OUTPUT,LVCMOS33,0,12,,,,,LOCATED,NO,NONE,
B22,LEDS<12>,IOB,IO_L63P_SCP7_0,OUTPUT,LVCMOS33,0,12,,,,,LOCATED,NO,NONE,
B23,,IOBM,IO_L65P_SCP3_0,UNUSED,,0,,,,,,,,,
B24,BUSB_CLR,IOB,IO_L2P_M5A13_5,OUTPUT,LVCMOS25*,5,12,,,,,LOCATED,NO,NONE,
B25,TDC8_TRG<3>,IOB,IO_L11P_M5CLK_5,INPUT,LVCMOS25*,5,,,,NONE,,LOCATED,NO,NONE,
B26,TDC8_TRG<2>,IOB,IO_L11N_M5CLKN_5,INPUT,LVCMOS25*,5,,,,NONE,,LOCATED,NO,NONE,
C1,TDC3_TRG<2>,IOB,IO_L79N_M4A9_4,INPUT,LVCMOS25*,4,,,,NONE,,LOCATED,NO,NONE,
C2,TDC3_TRG<1>,IOB,IO_L79P_M4A8_4,INPUT,LVCMOS25*,4,,,,NONE,,LOCATED,NO,NONE,
C3,USB_PA5,IOB,IO_L4P_0,OUTPUT,LVCMOS33,0,12,,,,,LOCATED,NO,NONE,
C4,,,VCCO_0,,,0,,,,,3.30,,,,
C5,USB_FDD<10>,IOB,IO_L16N_0,BIDIR,LVCMOS33,0,12,,,NONE,,LOCATED,NO,NONE,
C6,,,GND,,,,,,,,,,,,
C7,FIBER_0_RXN,IPAD,MGTRXN0_101,INPUT,,,,,,NONE,,LOCATED,NO,NONE,
C8,,,GND,,,,,,,,,,,,
C9,FIBER_1_RXN,IPAD,MGTRXN1_101,INPUT,,,,,,NONE,,LOCATED,NO,NONE,
C10,,,MGTAVCC_101,,,,,,,,,,,,
C11,,IPAD,MGTREFCLK1N_101,UNUSED,,,,,,,,,,,
C12,,,MGTAVCCPLL1_101,,,,,,,,,,,,
C13,,IOBM,IO_L35P_GCLK17_0,UNUSED,,0,,,,,,,,,
C14,,,MGTAVCCPLL0_123,,,,,,,,,,,,
C15,,IPAD,MGTREFCLK0N_123,UNUSED,,,,,,,,,,,
C16,,,MGTAVCC_123,,,,,,,,,,,,
C17,,IPAD,MGTRXN0_123,UNUSED,,,,,,,,,,,
C18,,,GND,,,,,,,,,,,,
C19,,IPAD,MGTRXN1_123,UNUSED,,,,,,,,,,,
C20,,,GND,,,,,,,,,,,,
C21,LEDS<8>,IOB,IO_L59P_0,OUTPUT,LVCMOS33,0,12,,,,,LOCATED,NO,NONE,
C22,,,VCCO_0,,,0,,,,,3.30,,,,
C23,,,TDI,,,,,,,,,,,,
C24,TDC7_TRG_16,IOB,IO_L4N_M5A12_5,INPUT,LVCMOS25*,5,,,,NONE,,LOCATED,NO,NONE,
C25,WL_CLK_P<7>,IOB,IO_L10P_M5A0_5,OUTPUT,LVCMOS25*,5,12,,,,,LOCATED,YES,NONE,
C26,WL_CLK_N<7>,IOB,IO_L10N_M5A1_5,OUTPUT,LVCMOS25*,5,12,,,,,LOCATED,YES,NONE,
D1,TDC3_TRG<0>,IOB,IO_L68N_M4DQ5_4,INPUT,LVCMOS25*,4,,,,NONE,,LOCATED,NO,NONE,
D2,,,VCCO_4,,,4,,,,,2.50,,,,
D3,SIN<2>,IOB,IO_L68P_M4DQ4_4,OUTPUT,LVCMOS25*,4,12,,,,,LOCATED,NO,NONE,
D4,,,GND,,,,,,,,,,,,
D5,USB_FDD<9>,IOB,IO_L16P_0,BIDIR,LVCMOS33,0,12,,,NONE,,LOCATED,NO,NONE,
D6,,,VCCAUX,,,,,,,,2.5,,,,
D7,FIBER_0_RXP,IPAD,MGTRXP0_101,INPUT,,,,,,NONE,,LOCATED,NO,NONE,
D8,,,MGTAVTTRX_101,,,,,,,,,,,,
D9,FIBER_1_RXP,IPAD,MGTRXP1_101,INPUT,,,,,,NONE,,LOCATED,NO,NONE,
D10,,,GND,,,,,,,,,,,,
D11,,IPAD,MGTREFCLK1P_101,UNUSED,,,,,,,,,,,
D12,,,GND,,,,,,,,,,,,
D13,,IOBS,IO_L34N_GCLK18_0,UNUSED,,0,,,,,,,,,
D14,,,GND,,,,,,,,,,,,
D15,,IPAD,MGTREFCLK0P_123,UNUSED,,,,,,,,,,,
D16,,,GND,,,,,,,,,,,,
D17,,IPAD,MGTRXP0_123,UNUSED,,,,,,,,,,,
D18,,,MGTAVTTRX_123,,,,,,,,,,,,
D19,,IPAD,MGTRXP1_123,UNUSED,,,,,,,,,,,
D20,,,VCCAUX,,,,,,,,2.5,,,,
D21,,IOBM,IO_L66P_SCP1_0,UNUSED,,0,,,,,,,,,
D22,,IOBS,IO_L66N_SCP0_0,UNUSED,,0,,,,,,,,,
D23,SCLK<7>,IOB,IO_L4P_M5CKE_5,OUTPUT,LVCMOS25*,5,12,,,,,LOCATED,NO,NONE,
D24,TDC7_TRG<3>,IOB,IO_L17P_M5DQ6_5,INPUT,LVCMOS25*,5,,,,NONE,,LOCATED,NO,NONE,
D25,,,VCCO_5,,,5,,,,,2.50,,,,
D26,TDC8_TRG_16,IOB,IO_L17N_M5DQ7_5,INPUT,LVCMOS25*,5,,,,NONE,,LOCATED,NO,NONE,
E1,TDC3_TRG<3>,IOB,IO_L67N_M4DQ7_4,INPUT,LVCMOS25*,4,,,,NONE,,LOCATED,NO,NONE,
E2,WR1_ENA<0>,IOB,IO_L67P_M4DQ6_4,OUTPUT,LVCMOS25*,4,12,,,,,LOCATED,NO,NONE,
E3,TDC1_TRG<2>,IOB,IO_L81N_M4A11_4,INPUT,LVCMOS25*,4,,,,NONE,,LOCATED,NO,NONE,
E4,SCLK<2>,IOB,IO_L81P_M4RESET_4,OUTPUT,LVCMOS25*,4,12,,,,,LOCATED,NO,NONE,
E5,USB_FDD<2>,IOB,IO_L8N_VREF_0,BIDIR,LVCMOS33,0,12,,,NONE,,LOCATED,NO,NONE,
E6,USB_FDD<1>,IOB,IO_L8P_0,BIDIR,LVCMOS33,0,12,,,NONE,,LOCATED,NO,NONE,
E7,,,GND,,,,,,,,,,,,
E8,USB_FDD<8>,IOB,IO_L15N_0,BIDIR,LVCMOS33,0,12,,,NONE,,LOCATED,NO,NONE,
E9,,,MGTRREF_101,,,,,,,,,,,,
E10,,IOBS,IO_L23N_0,UNUSED,,0,,,,,,,,,
E11,,,MGTAVTTRCAL_101,,,,,,,,,,,,
E12,USB_CTL1,IOB,IO_L31N_0,INPUT,LVCMOS33,0,,,,NONE,,LOCATED,NO,NONE,
E13,,IOBM,IO_L34P_GCLK19_0,UNUSED,,0,,,,,,,,,
E14,EX_TRIGGER1,IOB,IO_L40N_0,OUTPUT,LVCMOS33,0,12,,,,,LOCATED,NO,NONE,
E15,,,GND,,,,,,,,,,,,
E16,,IOBS,IO_L49N_0,UNUSED,,0,,,,,,,,,
E17,,,VCCAUX,,,,,,,,2.5,,,,
E18,LEDS<1>,IOB,IO_L51N_0,OUTPUT,LVCMOS33,0,12,,,,,LOCATED,NO,NONE,
E19,,,GND,,,,,,,,,,,,
E20,LEDS<5>,IOB,IO_L57N_0,OUTPUT,LVCMOS33,0,12,,,,,LOCATED,NO,NONE,
E21,,,VCCO_0,,,0,,,,,3.30,,,,
E22,,,GND,,,,,,,,,,,,
E23,WR1_ENA<7>,IOB,IO_L8P_M5A7_5,OUTPUT,LVCMOS25*,5,12,,,,,LOCATED,NO,NONE,
E24,TDC7_TRG<2>,IOB,IO_L8N_M5A2_5,INPUT,LVCMOS25*,5,,,,NONE,,LOCATED,NO,NONE,
E25,SSTIN_P<8>,IOB,IO_L16P_M5DQ4_5,OUTPUT,LVCMOS25*,5,12,,,,,LOCATED,NO,NONE,
E26,SSTIN_N<8>,IOB,IO_L16N_M5DQ5_5,OUTPUT,LVCMOS25*,5,12,,,,,LOCATED,NO,NONE,
F1,TDC3_TRG_16,IOB,IO_L66N_M4LDQSN_4,INPUT,LVCMOS25*,4,,,,NONE,,LOCATED,NO,NONE,
F2,,,GND,,,,,,,,,,,,
F3,TDC1_TRG<1>,IOB,IO_L66P_M4LDQS_4,INPUT,LVCMOS25*,4,,,,NONE,,LOCATED,NO,NONE,
F4,,,VCCO_4,,,4,,,,,2.50,,,,
F5,USB_FDD<0>,IOB,IO_L5N_0,BIDIR,LVCMOS33,0,12,,,NONE,,LOCATED,NO,NONE,
F6,USB_PA4,IOB,IO_L3N_0,OUTPUT,LVCMOS33,0,12,,,,,LOCATED,NO,NONE,
F7,USB_PA3,IOB,IO_L3P_0,OUTPUT,LVCMOS33,0,12,,,,,LOCATED,NO,NONE,
F8,,,VCCO_0,,,0,,,,,3.30,,,,
F9,USB_FDD<7>,IOB,IO_L15P_0,BIDIR,LVCMOS33,0,12,,,NONE,,LOCATED,NO,NONE,
F10,USB_FDD<15>,IOB,IO_L23P_0,BIDIR,LVCMOS33,0,12,,,NONE,,LOCATED,NO,NONE,
F11,,IOBS,IO_L30N_0,UNUSED,,0,,,,,,,,,
F12,USB_CTL0,IOB,IO_L31P_0,INPUT,LVCMOS33,0,,,,NONE,,LOCATED,NO,NONE,
F13,,,VCCO_0,,,0,,,,,3.30,,,,
F14,SDA_MON,IOB,IO_L40P_0,BIDIR,LVCMOS33,0,12,,,NONE,,LOCATED,NO,NONE,
F15,,IOBS,IO_L50N_0,UNUSED,,0,,,,,,,,,
F16,,IOBM,IO_L49P_0,UNUSED,,0,,,,,,,,,
F17,LEDS<3>,IOB,IO_L56N_0,OUTPUT,LVCMOS33,0,12,,,,,LOCATED,NO,NONE,
F18,LEDS<0>,IOB,IO_L51P_0,OUTPUT,LVCMOS33,0,12,,,,,LOCATED,NO,NONE,
F19,LEDS<15>,IOB,IO_L64N_SCP4_0,OUTPUT,LVCMOS33,0,12,,,,,LOCATED,NO,NONE,
F20,LEDS<4>,IOB,IO_L57P_0,OUTPUT,LVCMOS33,0,12,,,,,LOCATED,NO,NONE,
F21,,,TMS,,,,,,,,,,,,
F22,TDC7_TRG<0>,IOB,IO_L6P_M5A10_5,INPUT,LVCMOS25*,5,,,,NONE,,LOCATED,NO,NONE,
F23,WR2_ENA<7>,IOB,IO_L14P_M5RASN_5,OUTPUT,LVCMOS25*,5,12,,,,,LOCATED,NO,NONE,
F24,TDC7_TRG<1>,IOB,IO_L18P_M5LDQS_5,INPUT,LVCMOS25*,5,,,,NONE,,LOCATED,NO,NONE,
F25,,,GND,,,,,,,,,,,,
F26,SHOUT<7>,IOB,IO_L18N_M5LDQSN_5,INPUT,LVCMOS25*,5,,,,NONE,,LOCATED,NO,NONE,
G1,TDC_DONE<0>,IOB,IO_L65N_M4DQ3_4,INPUT,LVCMOS25*,4,,,,NONE,,LOCATED,NO,NONE,
G2,SR_CLOCK<0>,IOB,IO_L65P_M4DQ2_4,OUTPUT,LVCMOS25*,4,12,,,,,LOCATED,NO,NONE,
G3,WR1_ENA<2>,IOB,IO_L77N_M4BA2_4,OUTPUT,LVCMOS25*,4,12,,,,,LOCATED,NO,NONE,
G4,TDC1_TRG<0>,IOB,IO_L77P_M4WE_4,INPUT,LVCMOS25*,4,,,,NONE,,LOCATED,NO,NONE,
G5,,,VCCAUX,,,,,,,,2.5,,,,
G6,USB_PA7,IOB,IO_L5P_0,INPUT,LVCMOS33,0,,,,NONE,,LOCATED,NO,NONE,
G7,USB_PA0,IOB,IO_L1N_VREF_0,OUTPUT,LVCMOS33,0,12,,,,,LOCATED,NO,NONE,
G8,USB_PA2,IOB,IO_L2N_0,OUTPUT,LVCMOS33,0,12,,,,,LOCATED,NO,NONE,
G9,USB_FDD<4>,IOB,IO_L13N_0,BIDIR,LVCMOS33,0,12,,,NONE,,LOCATED,NO,NONE,
G10,USB_FDD<12>,IOB,IO_L21N_0,BIDIR,LVCMOS33,0,12,,,NONE,,LOCATED,NO,NONE,
G11,USB_RDY0,IOB,IO_L32N_0,OUTPUT,LVCMOS33,0,12,,,,,LOCATED,NO,NONE,
G12,,IOBM,IO_L30P_0,UNUSED,,0,,,,,,,,,
G13,,IOBS,IO_L33N_0,UNUSED,,0,,,,,,,,,
G14,,,GND,,,,,,,,,,,,
G15,,IOBM,IO_L50P_0,UNUSED,,0,,,,,,,,,
G16,LEDS<2>,IOB,IO_L56P_0,OUTPUT,LVCMOS33,0,12,,,,,LOCATED,NO,NONE,
G17,LEDS<7>,IOB,IO_L58N_0,OUTPUT,LVCMOS33,0,12,,,,,LOCATED,NO,NONE,
G18,,,VCCO_0,,,0,,,,,3.30,,,,
G19,LEDS<14>,IOB,IO_L64P_SCP5_0,OUTPUT,LVCMOS33,0,12,,,,,LOCATED,NO,NONE,
G20,RAM2_CE1,IOB,IO_L1N_A24_VREF_5,OUTPUT,LVCMOS25*,5,12,,,,,LOCATED,NO,NONE,
G21,,,TDO,,,,,,,,,,,,
G22,,,VCCO_5,,,5,,,,,2.50,,,,
G23,TDC_DONE<5>,IOB,IO_L6N_M5A4_5,INPUT,LVCMOS25*,5,,,,NONE,,LOCATED,NO,NONE,
G24,TDC_MON_TIMING<7>,IOB,IO_L14N_M5CASN_5,INPUT,LVCMOS25*,5,,,,NONE,,LOCATED,NO,NONE,
G25,WL_CLK_P<8>,IOB,IO_L20P_M5DQ0_5,OUTPUT,LVCMOS25*,5,12,,,,,LOCATED,YES,NONE,
G26,WL_CLK_N<8>,IOB,IO_L20N_M5DQ1_5,OUTPUT,LVCMOS25*,5,12,,,,,LOCATED,YES,NONE,
H1,SAMPLESEL_ANY<0>,IOB,IO_L64N_M4DQ1_4,OUTPUT,LVCMOS25*,4,12,,,,,LOCATED,NO,NONE,
H2,,,VCCO_4,,,4,,,,,2.50,,,,
H3,WR2_ENA<2>,IOB,IO_L64P_M4DQ0_4,OUTPUT,LVCMOS25*,4,12,,,,,LOCATED,NO,NONE,
H4,,,GND,,,,,,,,,,,,
H5,WR2_ENA<1>,IOB,IO_L83N_VREF_4,OUTPUT,LVCMOS25*,4,12,,,,,LOCATED,NO,NONE,
H6,FIBER_1_LINK_ERR,IOB,IO_L83P_4,OUTPUT,LVCMOS25*,4,12,,,,,UNLOCATED,NO,NONE,
H7,mgttxfault<1>,IOB,IO_L1P_HSWAPEN_0,INPUT,LVCMOS25*,0,,,,NONE,,UNLOCATED,NO,NONE,
H8,USB_PA1,IOB,IO_L2P_0,OUTPUT,LVCMOS33,0,12,,,,,LOCATED,NO,NONE,
H9,USB_FDD<3>,IOB,IO_L13P_0,BIDIR,LVCMOS33,0,12,,,NONE,,LOCATED,NO,NONE,
H10,USB_FDD<11>,IOB,IO_L21P_0,BIDIR,LVCMOS33,0,12,,,NONE,,LOCATED,NO,NONE,
H11,,,VCCO_0,,,0,,,,,3.30,,,,
H12,USB_RDY1,IOB,IO_L33P_0,OUTPUT,LVCMOS33,0,12,,,,,LOCATED,NO,NONE,
H13,SCL_MON,IOB,IO_L39N_0,OUTPUT,LVCMOS33,0,12,,,,,LOCATED,NO,NONE,
H14,BUSA_SCK_DAC,IOB,IO_L41N_0,OUTPUT,LVCMOS33,0,12,,,,,LOCATED,NO,NONE,
H15,BUSB_SCK_DAC,IOB,IO_L43N_0,OUTPUT,LVCMOS33,0,12,,,,,LOCATED,NO,NONE,
H16,,,VCCO_0,,,0,,,,,3.30,,,,
H17,LEDS<6>,IOB,IO_L58P_0,OUTPUT,LVCMOS33,0,12,,,,,LOCATED,NO,NONE,
H18,LEDS<10>,IOB,IO_L62P_0,OUTPUT,LVCMOS33,0,12,,,,,LOCATED,NO,NONE,
H19,LEDS<11>,IOB,IO_L62N_VREF_0,OUTPUT,LVCMOS33,0,12,,,,,LOCATED,NO,NONE,
H20,RAM2_OE,IOB,IO_L1P_A25_5,OUTPUT,LVCMOS25*,5,12,,,,,LOCATED,NO,NONE,
H21,RAM2_CE2,IOB,IO_L5P_M5A8_5,OUTPUT,LVCMOS25*,5,12,,,,,LOCATED,NO,NONE,
H22,SAMPLESEL_ANY<5>,IOB,IO_L5N_M5A9_5,OUTPUT,LVCMOS25*,5,12,,,,,LOCATED,NO,NONE,
H23,,,GND,,,,,,,,,,,,
H24,TDC9_TRG<0>,IOB,IO_L19P_M5DQ2_5,INPUT,LVCMOS25*,5,,,,NONE,,LOCATED,NO,NONE,
H25,,,VCCO_5,,,5,,,,,2.50,,,,
H26,SAMPLESEL_ANY<7>,IOB,IO_L19N_M5DQ3_5,OUTPUT,LVCMOS25*,5,12,,,,,LOCATED,NO,NONE,
J1,SCLK<0>,IOB,IO_L63N_M4DQ9_4,OUTPUT,LVCMOS25*,4,12,,,,,LOCATED,NO,NONE,
J2,SHOUT<0>,IOB,IO_L63P_M4DQ8_4,INPUT,LVCMOS25*,4,,,,NONE,,LOCATED,NO,NONE,
J3,TDC4_TRG<0>,IOB,IO_L69N_M4LDM_4,INPUT,LVCMOS25*,4,,,,NONE,,LOCATED,NO,NONE,
J4,WR1_ENA<1>,IOB,IO_L69P_M4UDM_4,OUTPUT,LVCMOS25*,4,12,,,,,LOCATED,NO,NONE,
J5,TDC4_TRG<1>,IOB,IO_L73N_M4CLKN_4,INPUT,LVCMOS25*,4,,,,NONE,,LOCATED,NO,NONE,
J6,,,VCCO_4,,,4,,,,,2.50,,,,
J7,TDC5_TRG_16,IOB,IO_L78N_M4A4_4,INPUT,LVCMOS25*,4,,,,NONE,,LOCATED,NO,NONE,
J8,,,GND,,,,,,,,,,,,
J9,TDC_MON_TIMING<4>,IOB,IO_L78P_M4A10_4,INPUT,LVCMOS25*,4,,,,NONE,,LOCATED,NO,NONE,
J10,,,VCCAUX,,,,,,,,2.5,,,,
J11,USB_CTL2,IOB,IO_L32P_0,INPUT,LVCMOS33,0,,,,NONE,,LOCATED,NO,NONE,
J12,,IOBS,IO_L38N_VREF_0,UNUSED,,0,,,,,,,,,
J13,,IOBM,IO_L39P_0,UNUSED,,0,,,,,,,,,
J14,,,VCCO_0,,,0,,,,,3.30,,,,
J15,BUSA_DIN_DAC,IOB,IO_L43P_0,OUTPUT,LVCMOS33,0,12,,,,,LOCATED,NO,NONE,
J16,BUSB_DIN_DAC,IOB,IO_L48P_0,OUTPUT,LVCMOS33,0,12,,,,,LOCATED,NO,NONE,
J17,,IOBS,IO_L48N_0,UNUSED,,0,,,,,,,,,
J18,,,VCCAUX,,,,,,,,2.5,,,,
J19,,,GND,,,,,,,,,,,,
J20,TDC_CS_DAC<9>,IOB,IO_L7P_M5WE_5,OUTPUT,LVCMOS25*,5,12,,,,,LOCATED,NO,NONE,
J21,,,VCCO_5,,,5,,,,,2.50,,,,
J22,TDC9_TRG<2>,IOB,IO_L7N_M5BA2_5,INPUT,LVCMOS25*,5,,,,NONE,,LOCATED,NO,NONE,
J23,SR_CLOCK<5>,IOB,IO_L15P_M5UDM_5,OUTPUT,LVCMOS25*,5,12,,,,,LOCATED,NO,NONE,
J24,TDC9_TRG<1>,IOB,IO_L15N_M5LDM_5,INPUT,LVCMOS25*,5,,,,NONE,,LOCATED,NO,NONE,
J25,SSTIN_P<9>,IOB,IO_L22P_M5DQ10_5,OUTPUT,LVCMOS25*,5,12,,,,,LOCATED,NO,NONE,
J26,SSTIN_N<9>,IOB,IO_L22N_M5DQ11_5,OUTPUT,LVCMOS25*,5,12,,,,,LOCATED,NO,NONE,
K1,PCLK<0>,IOB,IO_L62N_M4DQ11_4,OUTPUT,LVCMOS25*,4,12,,,,,LOCATED,NO,NONE,
K2,,,GND,,,,,,,,,,,,
K3,SAMPLESEL_ANY<1>,IOB,IO_L62P_M4DQ10_4,OUTPUT,LVCMOS25*,4,12,,,,,LOCATED,NO,NONE,
K4,,,VCCO_4,,,4,,,,,2.50,,,,
K5,TDC4_TRG<2>,IOB,IO_L73P_M4CLK_4,INPUT,LVCMOS25*,4,,,,NONE,,LOCATED,NO,NONE,
K6,FIBER_1_LINK_UP,IOB,IO_L82N_M4A14_4,OUTPUT,LVCMOS25*,4,12,,,,,UNLOCATED,NO,NONE,
K7,TDC5_TRG<3>,IOB,IO_L82P_M4A13_4,INPUT,LVCMOS25*,4,,,,NONE,,LOCATED,NO,NONE,
K8,FIBER_0_LINK_ERR,IOB,IO_L80N_M4A12_4,OUTPUT,LVCMOS25*,4,12,,,,,UNLOCATED,NO,NONE,
K9,BUSA_SR_SEL,IOB,IO_L80P_M4CKE_4,OUTPUT,LVCMOS25*,4,12,,,,,LOCATED,NO,NONE,
K10,BUSB_DO<4>,IOB,IO_L76N_M4A2_4,INPUT,LVCMOS25*,4,,,,NONE,,LOCATED,NO,NONE,
K11,,,VCCINT,,,,,,,,1.2,,,,
K12,,IOBM,IO_L38P_0,UNUSED,,0,,,,,,,,,
K13,,,VCCAUX,,,,,,,,2.5,,,,
K14,EX_TRIGGER2,IOB,IO_L41P_0,OUTPUT,LVCMOS33,0,12,,,,,LOCATED,NO,NONE,
K15,,,VCCAUX,,,,,,,,2.5,,,,
K16,,,GND,,,,,,,,,,,,
K17,,,VCCINT,,,,,,,,1.2,,,,
K18,TDC10_TRG<3>,IOB,IO_L3P_M5RESET_5,INPUT,LVCMOS25*,5,,,,NONE,,LOCATED,NO,NONE,
K19,RAM1_CE2,IOB,IO_L3N_M5A11_5,OUTPUT,LVCMOS25*,5,12,,,,,LOCATED,NO,NONE,
K20,TDC_CS_DAC<8>,IOB,IO_L9N_M5BA1_5,OUTPUT,LVCMOS25*,5,12,,,,,LOCATED,NO,NONE,
K21,RAM2_WE,IOB,IO_L12P_M5A3_5,OUTPUT,LVCMOS25*,5,12,,,,,LOCATED,NO,NONE,
K22,TDC9_TRG<3>,IOB,IO_L12N_M5ODT_5,INPUT,LVCMOS25*,5,,,,NONE,,LOCATED,NO,NONE,
K23,,,VCCO_5,,,5,,,,,2.50,,,,
K24,TDC_MON_TIMING<5>,IOB,IO_L21P_M5DQ8_5,INPUT,LVCMOS25*,5,,,,NONE,,LOCATED,NO,NONE,
K25,,,GND,,,,,,,,,,,,
K26,TDC_DONE<7>,IOB,IO_L21N_M5DQ9_5,INPUT,LVCMOS25*,5,,,,NONE,,LOCATED,NO,NONE,
L1,SIN<0>,IOB,IO_L61N_M4UDQSN_4,OUTPUT,LVCMOS25*,4,12,,,,,LOCATED,NO,NONE,
L2,TDC1_TRG_16,IOB,IO_L61P_M4UDQS_4,INPUT,LVCMOS25*,4,,,,NONE,,LOCATED,NO,NONE,
L3,SR_CLOCK<1>,IOB,IO_L71N_M4A6_4,OUTPUT,LVCMOS25*,4,12,,,,,LOCATED,NO,NONE,
L4,TDC4_TRG<3>,IOB,IO_L71P_M4A5_4,INPUT,LVCMOS25*,4,,,,NONE,,LOCATED,NO,NONE,
L5,,,VCCAUX,,,,,,,,2.5,,,,
L6,TDC5_TRG<2>,IOB,IO_L74N_M4A1_4,INPUT,LVCMOS25*,4,,,,NONE,,LOCATED,NO,NONE,
L7,FIBER_0_LINK_UP,IOB,IO_L74P_M4A0_4,OUTPUT,LVCMOS25*,4,12,,,,,UNLOCATED,NO,NONE,
L8,WR2_ENA<4>,IOB,IO_L70N_M4CASN_4,OUTPUT,LVCMOS25*,4,12,,,,,LOCATED,NO,NONE,
L9,SR_CLOCK<9>,IOB,IO_L70P_M4RASN_4,OUTPUT,LVCMOS25*,4,12,,,,,LOCATED,NO,NONE,
L10,BUSB_DO<3>,IOB,IO_L76P_M4A7_4,INPUT,LVCMOS25*,4,,,,NONE,,LOCATED,NO,NONE,
L11,,,GND,,,,,,,,,,,,
L12,,,VCCINT,,,,,,,,1.2,,,,
L13,,,GND,,,,,,,,,,,,
L14,,,VCCINT,,,,,,,,1.2,,,,
L15,,,GND,,,,,,,,,,,,
L16,,,VCCINT,,,,,,,,1.2,,,,
L17,,,GND,,,,,,,,,,,,
L18,,,VCCAUX,,,,,,,,2.5,,,,
L19,TDC_CS_DAC<6>,IOB,IO_L9P_M5BA0_5,OUTPUT,LVCMOS25*,5,12,,,,,LOCATED,NO,NONE,
L20,RAM1_CE1,IOB,IO_L27P_5,OUTPUT,LVCMOS25*,5,12,,,,,LOCATED,NO,NONE,
L21,TDC_CS_DAC<7>,IOB,IO_L27N_5,OUTPUT,LVCMOS25*,5,12,,,,,LOCATED,NO,NONE,
L22,,,VCCAUX,,,,,,,,2.5,,,,
L23,SSTIN_P<5>,IOB,IO_L29P_A23_M1A13_1,OUTPUT,LVCMOS25*,1,12,,,,,LOCATED,NO,NONE,
L24,SSTIN_N<5>,IOB,IO_L29N_A22_M1A14_1,OUTPUT,LVCMOS25*,1,12,,,,,LOCATED,NO,NONE,
L25,WL_CLK_P<9>,IOB,IO_L24P_M5DQ12_5,OUTPUT,LVCMOS25*,5,12,,,,,LOCATED,YES,NONE,
L26,WL_CLK_N<9>,IOB,IO_L24N_M5DQ13_5,OUTPUT,LVCMOS25*,5,12,,,,,LOCATED,YES,NONE,
M1,TDC1_TRG<3>,IOB,IO_L60N_M4DQ13_4,INPUT,LVCMOS25*,4,,,,NONE,,LOCATED,NO,NONE,
M2,,,VCCO_4,,,4,,,,,2.50,,,,
M3,TDC_DONE<1>,IOB,IO_L60P_M4DQ12_4,INPUT,LVCMOS25*,4,,,,NONE,,LOCATED,NO,NONE,
M4,TDC4_TRG_16,IOB,IO_L58P_4,INPUT,LVCMOS25*,4,,,,NONE,,LOCATED,NO,NONE,
M5,,,GND,,,,,,,,,,,,
M6,mgtmod2<2>,IOB,IO_L72N_M4ODT_4,OUTPUT,LVCMOS25*,4,12,,,,,UNLOCATED,NO,NONE,
M7,,,VCCO_4,,,4,,,,,2.50,,,,
M8,WR1_ENA<4>,IOB,IO_L72P_M4A3_4,OUTPUT,LVCMOS25*,4,12,,,,,LOCATED,NO,NONE,
M9,TDC_DONE<9>,IOB,IO_L57N_VREF_3,INPUT,LVCMOS25*,3,,,,NONE,,LOCATED,NO,NONE,
M10,BUSB_DO<2>,IOB,IO_L57P_3,INPUT,LVCMOS25*,3,,,,NONE,,LOCATED,NO,NONE,
M11,,,VCCINT,,,,,,,,1.2,,,,
M12,,,VCCINT,,,,,,,,1.2,,,,
M13,,,VCCINT,,,,,,,,1.2,,,,
M14,,,VCCINT,,,,,,,,1.2,,,,
M15,,,VCCINT,,,,,,,,1.2,,,,
M16,,,VCCINT,,,,,,,,1.2,,,,
M17,,,VCCAUX,,,,,,,,2.5,,,,
M18,TDC10_TRG_16,IOB,IO_L13P_M5A5_5,INPUT,LVCMOS25*,5,,,,NONE,,LOCATED,NO,NONE,
M19,TDC_CS_DAC<5>,IOB,IO_L13N_M5A6_5,OUTPUT,LVCMOS25*,5,12,,,,,LOCATED,NO,NONE,
M20,,,VCCO_5,,,5,,,,,2.50,,,,
M21,RAM1_OE,IOB,IO_L26P_5,OUTPUT,LVCMOS25*,5,12,,,,,LOCATED,NO,NONE,
M22,,,GND,,,,,,,,,,,,
M23,PCLK<5>,IOB,IO_L26N_VREF_5,OUTPUT,LVCMOS25*,5,12,,,,,LOCATED,NO,NONE,
M24,TDC9_TRG_16,IOB,IO_L23P_M5UDQS_5,INPUT,LVCMOS25*,5,,,,NONE,,LOCATED,NO,NONE,
M25,,,VCCO_5,,,5,,,,,2.50,,,,
M26,SR_CLOCK<7>,IOB,IO_L23N_M5UDQSN_5,OUTPUT,LVCMOS25*,5,12,,,,,LOCATED,NO,NONE,
N1,WL_CLK_N<0>,IOB,IO_L59N_M4DQ15_4,OUTPUT,LVCMOS25*,4,12,,,,,LOCATED,YES,NONE,
N2,WL_CLK_P<0>,IOB,IO_L59P_M4DQ14_4,OUTPUT,LVCMOS25*,4,12,,,,,LOCATED,YES,NONE,
N3,TDC_MON_TIMING<1>,IOB,IO_L58N_VREF_4,INPUT,LVCMOS25*,4,,,,NONE,,LOCATED,NO,NONE,
N4,PCLK<3>,IOB,IO_L54N_M3A11_3,OUTPUT,LVCMOS25*,3,12,,,,,LOCATED,NO,NONE,
N5,PCLK<1>,IOB,IO_L54P_M3RESET_3,OUTPUT,LVCMOS25*,3,12,,,,,LOCATED,NO,NONE,
N6,mgtmod1<2>,IOB,IO_L49P_M3A7_3,OUTPUT,LVCMOS25*,3,12,,,,,UNLOCATED,NO,NONE,
N7,SHOUT<4>,IOB,IO_L51N_M3A4_3,INPUT,LVCMOS25*,3,,,,NONE,,LOCATED,NO,NONE,
N8,mgtmod2<1>,IOB,IO_L51P_M3A10_3,OUTPUT,LVCMOS25*,3,12,,,,,UNLOCATED,NO,NONE,
N9,SCLK<9>,IOB,IO_L55N_M3A14_3,OUTPUT,LVCMOS25*,3,12,,,,,LOCATED,NO,NONE,
N10,,,VCCAUX,,,,,,,,2.5,,,,
N11,,,GND,,,,,,,,,,,,
N12,,,VCCINT,,,,,,,,1.2,,,,
N13,,,VCCINT,,,,,,,,1.2,,,,
N14,,,GND,,,,,,,,,,,,
N15,,,VCCINT,,,,,,,,1.2,,,,
N16,,,VCCINT,,,,,,,,1.2,,,,
N17,SAMPLESEL_ANY<8>,IOB,IO_L28P_1,OUTPUT,LVCMOS25*,1,12,,,,,LOCATED,NO,NONE,
N18,WR1_ENA<9>,IOB,IO_L28N_VREF_1,OUTPUT,LVCMOS25*,1,12,,,,,LOCATED,NO,NONE,
N19,TDC_AMUX_S<2>,IOB,IO_L30P_A21_M1RESET_1,OUTPUT,LVCMOS25*,1,12,,,,,LOCATED,NO,NONE,
N20,TDC_CS_DAC<4>,IOB,IO_L30N_A20_M1A11_1,OUTPUT,LVCMOS25*,1,12,,,,,LOCATED,NO,NONE,
N21,TDC_AMUX_S<3>,IOB,IO_L31P_A19_M1CKE_1,OUTPUT,LVCMOS25*,1,12,,,,,LOCATED,NO,NONE,
N22,WR1_ENA<8>,IOB,IO_L31N_A18_M1A12_1,OUTPUT,LVCMOS25*,1,12,,,,,LOCATED,NO,NONE,
N23,SIN<5>,IOB,IO_L33P_A15_M1A10_1,OUTPUT,LVCMOS25*,1,12,,,,,LOCATED,NO,NONE,
N24,SHOUT<8>,IOB,IO_L33N_A14_M1A4_1,INPUT,LVCMOS25*,1,,,,NONE,,LOCATED,NO,NONE,
N25,SIN<7>,IOB,IO_L25P_M5DQ14_5,OUTPUT,LVCMOS25*,5,12,,,,,LOCATED,NO,NONE,
N26,PCLK<7>,IOB,IO_L25N_M5DQ15_5,OUTPUT,LVCMOS25*,5,12,,,,,LOCATED,NO,NONE,
P1,SHOUT<2>,IOB,IO_L48N_M3BA1_3,INPUT,LVCMOS25*,3,,,,NONE,,LOCATED,NO,NONE,
P2,,,GND,,,,,,,,,,,,
P3,SIN<3>,IOB,IO_L48P_M3BA0_3,OUTPUT,LVCMOS25*,3,12,,,,,LOCATED,NO,NONE,
P4,,,VCCO_3,,,3,,,,,2.50,,,,
P5,SCLK<1>,IOB,IO_L50P_M3WE_3,OUTPUT,LVCMOS25*,3,12,,,,,LOCATED,NO,NONE,
P6,SCLK<4>,IOB,IO_L49N_M3A2_3,OUTPUT,LVCMOS25*,3,12,,,,,LOCATED,NO,NONE,
P7,,,GND,,,,,,,,,,,,
P8,FIBER_1_DISABLE_TRANSCEIVER,IOB,IO_L53N_M3A12_3,OUTPUT,LVCMOS25*,3,12,,,,,UNLOCATED,NO,NONE,
P9,,,VCCO_3,,,3,,,,,2.50,,,,
P10,BUSB_DO<1>,IOB,IO_L55P_M3A13_3,INPUT,LVCMOS25*,3,,,,NONE,,LOCATED,NO,NONE,
P11,,,VCCINT,,,,,,,,1.2,,,,
P12,,,VCCINT,,,,,,,,1.2,,,,
P13,,,GND,,,,,,,,,,,,
P14,,,VCCINT,,,,,,,,1.2,,,,
P15,,,VCCINT,,,,,,,,1.2,,,,
P16,,,GND,,,,,,,,,,,,
P17,BUSB_SAMPLESEL_S<4>,IOB,IO_L32P_A17_M1A8_1,OUTPUT,LVCMOS25*,1,12,,,,,LOCATED,NO,NONE,
P18,,,VCCO_1,,,1,,,,,2.50,,,,
P19,TDC_AMUX_S<1>,IOB,IO_L32N_A16_M1A9_1,OUTPUT,LVCMOS25*,1,12,,,,,LOCATED,NO,NONE,
P20,,,GND,,,,,,,,,,,,
P21,TDC_CS_DAC<3>,IOB,IO_L35P_A11_M1A7_1,OUTPUT,LVCMOS25*,1,12,,,,,LOCATED,NO,NONE,
P22,WR2_ENA<8>,IOB,IO_L35N_A10_M1A2_1,OUTPUT,LVCMOS25*,1,12,,,,,LOCATED,NO,NONE,
P23,,,VCCO_1,,,1,,,,,2.50,,,,
P24,SCLK<5>,IOB,IO_L37P_A7_M1A0_1,OUTPUT,LVCMOS25*,1,12,,,,,LOCATED,NO,NONE,
P25,,,GND,,,,,,,,,,,,
P26,TDC8_TRG<0>,IOB,IO_L37N_A6_M1A1_1,INPUT,LVCMOS25*,1,,,,NONE,,LOCATED,NO,NONE,
R1,SSTIN_N<0>,IOB,IO_L44N_GCLK20_M3A6_3,OUTPUT,LVCMOS25*,3,12,,,,,LOCATED,NO,NONE,
R2,SSTIN_P<0>,IOB,IO_L44P_GCLK21_M3A5_3,OUTPUT,LVCMOS25*,3,12,,,,,LOCATED,NO,NONE,
R3,SCLK<3>,IOB,IO_L52N_M3A9_3,OUTPUT,LVCMOS25*,3,12,,,,,LOCATED,NO,NONE,
R4,SIN<1>,IOB,IO_L52P_M3A8_3,OUTPUT,LVCMOS25*,3,12,,,,,LOCATED,NO,NONE,
R5,SHOUT<3>,IOB,IO_L50N_M3BA2_3,INPUT,LVCMOS25*,3,,,,NONE,,LOCATED,NO,NONE,
R6,SIN<4>,IOB,IO_L43N_GCLK22_IRDY2_M3CASN_3,OUTPUT,LVCMOS25*,3,12,,,,,LOCATED,NO,NONE,
R7,mgtmod1<1>,IOB,IO_L43P_GCLK23_M3RASN_3,OUTPUT,LVCMOS25*,3,12,,,,,UNLOCATED,NO,NONE,
R8,PCLK<4>,IOB,IO_L45P_M3A3_3,OUTPUT,LVCMOS25*,3,12,,,,,LOCATED,NO,NONE,
R9,SIN<9>,IOB,IO_L53P_M3CKE_3,OUTPUT,LVCMOS25*,3,12,,,,,LOCATED,NO,NONE,
R10,BUSA_DO<3>,IOB,IO_L47P_M3A0_3,INPUT,LVCMOS25*,3,,,,NONE,,LOCATED,NO,NONE,
R11,,,VCCINT,,,,,,,,1.2,,,,
R12,,,VCCINT,,,,,,,,1.2,,,,
R13,,,VCCINT,,,,,,,,1.2,,,,
R14,,,VCCINT,,,,,,,,1.2,,,,
R15,,,VCCINT,,,,,,,,1.2,,,,
R16,,,VCCINT,,,,,,,,1.2,,,,
R17,,,VCCINT,,,,,,,,1.2,,,,
R18,WR2_ENA<9>,IOB,IO_L34P_A13_M1WE_1,OUTPUT,LVCMOS25*,1,12,,,,,LOCATED,NO,NONE,
R19,TDC_CS_DAC<1>,IOB,IO_L34N_A12_M1BA2_1,OUTPUT,LVCMOS25*,1,12,,,,,LOCATED,NO,NONE,
R20,TDC_AMUX_S<0>,IOB,IO_L36P_A9_M1BA0_1,OUTPUT,LVCMOS25*,1,12,,,,,LOCATED,NO,NONE,
R21,TDC_CS_DAC<2>,IOB,IO_L36N_A8_M1BA1_1,OUTPUT,LVCMOS25*,1,12,,,,,LOCATED,NO,NONE,
R22,,,VCCAUX,,,,,,,,2.5,,,,
R23,TDC_MON_TIMING<8>,IOB,IO_L38P_A5_M1CLK_1,INPUT,LVCMOS25*,1,,,,NONE,,LOCATED,NO,NONE,
R24,WR2_ENA<5>,IOB,IO_L38N_A4_M1CLKN_1,OUTPUT,LVCMOS25*,1,12,,,,,LOCATED,NO,NONE,
R25,WR1_ENA<6>,IOB,IO_L41P_GCLK9_IRDY1_M1RASN_1,OUTPUT,LVCMOS25*,1,12,,,,,LOCATED,NO,NONE,
R26,WR2_ENA<6>,IOB,IO_L41N_GCLK8_M1CASN_1,OUTPUT,LVCMOS25*,1,12,,,,,LOCATED,NO,NONE,
T1,SAMPLESEL_ANY<2>,IOB,IO_L41N_GCLK26_M3DQ5_3,OUTPUT,LVCMOS25*,3,12,,,,,LOCATED,NO,NONE,
T2,,,VCCO_3,,,3,,,,,2.50,,,,
T3,SHOUT<1>,IOB,IO_L41P_GCLK27_M3DQ4_3,INPUT,LVCMOS25*,3,,,,NONE,,LOCATED,NO,NONE,
T4,SAMPLESEL_ANY<3>,IOB,IO_L46N_M3CLKN_3,OUTPUT,LVCMOS25*,3,12,,,,,LOCATED,NO,NONE,
T5,,,GND,,,,,,,,,,,,
T6,FIBER_0_DISABLE_TRANSCEIVER,IOB,IO_L31N_VREF_3,OUTPUT,LVCMOS25*,3,12,,,,,UNLOCATED,NO,NONE,
T7,,,VCCO_3,,,3,,,,,2.50,,,,
T8,TDC_DONE<4>,IOB,IO_L45N_M3ODT_3,INPUT,LVCMOS25*,3,,,,NONE,,LOCATED,NO,NONE,
T9,PCLK<9>,IOB,IO_L47N_M3A1_3,OUTPUT,LVCMOS25*,3,12,,,,,LOCATED,NO,NONE,
T10,,,GND,,,,,,,,,,,,
T11,,,VCCINT,,,,,,,,1.2,,,,
T12,,,GND,,,,,,,,,,,,
T13,,,VCCINT,,,,,,,,1.2,,,,
T14,,,GND,,,,,,,,,,,,
T15,,,VCCINT,,,,,,,,1.2,,,,
T16,,,GND,,,,,,,,,,,,
T17,,,VCCINT,,,,,,,,1.2,,,,
T18,,,GND,,,,,,,,,,,,
T19,TDC_CS_DAC<0>,IOB,IO_L66P_1,OUTPUT,LVCMOS25*,1,12,,,,,LOCATED,NO,NONE,
T20,TOP_AMUX_S<3>,IOB,IO_L66N_1,OUTPUT,LVCMOS25*,1,12,,,,,LOCATED,NO,NONE,
T21,,,GND,,,,,,,,,,,,
T22,SHOUT<5>,IOB,IO_L39P_M1A3_1,INPUT,LVCMOS25*,1,,,,NONE,,LOCATED,NO,NONE,
T23,SR_CLOCK<8>,IOB,IO_L39N_M1ODT_1,OUTPUT,LVCMOS25*,1,12,,,,,LOCATED,NO,NONE,
T24,WR1_ENA<5>,IOB,IO_L44P_A3_M1DQ6_1,OUTPUT,LVCMOS25*,1,12,,,,,LOCATED,NO,NONE,
T25,,,VCCO_1,,,1,,,,,2.50,,,,
T26,SCLK<6>,IOB,IO_L44N_A2_M1DQ7_1,OUTPUT,LVCMOS25*,1,12,,,,,LOCATED,NO,NONE,
U1,WL_CLK_N<2>,IOB,IO_L40N_M3DQ7_3,OUTPUT,LVCMOS25*,3,12,,,,,LOCATED,YES,NONE,
U2,WL_CLK_P<2>,IOB,IO_L40P_M3DQ6_3,OUTPUT,LVCMOS25*,3,12,,,,,LOCATED,YES,NONE,
U3,TDC2_TRG_16,IOB,IO_L10N_3,INPUT,LVCMOS25*,3,,,,NONE,,LOCATED,NO,NONE,
U4,TDC_DONE<3>,IOB,IO_L10P_3,INPUT,LVCMOS25*,3,,,,NONE,,LOCATED,NO,NONE,
U5,TDC2_TRG<3>,IOB,IO_L46P_M3CLK_3,INPUT,LVCMOS25*,3,,,,NONE,,LOCATED,NO,NONE,
U6,,,VCCAUX,,,,,,,,2.5,,,,
U7,mgttxdis<2>,IOB,IO_L31P_3,OUTPUT,LVCMOS25*,3,12,,,,,UNLOCATED,NO,NONE,
U8,SR_CLOCK<4>,IOB,IO_L18N_3,OUTPUT,LVCMOS25*,3,12,,,,,LOCATED,NO,NONE,
U9,SAMPLESEL_ANY<9>,IOB,IO_L18P_3,OUTPUT,LVCMOS25*,3,12,,,,,LOCATED,NO,NONE,
U10,,,VCCINT,,,,,,,,1.2,,,,
U11,,,GND,,,,,,,,,,,,
U12,,,VCCAUX,,,,,,,,2.5,,,,
U13,BUSB_SR_SEL,IOB,IO_L27P_2,OUTPUT,LVCMOS25*,2,12,,,,,LOCATED,NO,NONE,
U14,,,VCCAUX,,,,,,,,2.5,,,,
U15,BUSB_DO<11>,IOB,IO_L17P_2,INPUT,LVCMOS25*,2,,,,NONE,,LOCATED,NO,NONE,
U16,,,VCCINT,,,,,,,,1.2,,,,
U17,,,GND,,,,,,,,,,,,
U18,,,VCCAUX,,,,,,,,2.5,,,,
U19,TOP_AMUX_S<1>,IOB,IO_L68P_1,OUTPUT,LVCMOS25*,1,12,,,,,LOCATED,NO,NONE,
U20,SHOUT<9>,IOB,IO_L68N_1,INPUT,LVCMOS25*,1,,,,NONE,,LOCATED,NO,NONE,
U21,TOP_AMUX_S<2>,IOB,IO_L53P_1,OUTPUT,LVCMOS25*,1,12,,,,,LOCATED,NO,NONE,
U22,PCLK<8>,IOB,IO_L53N_VREF_1,OUTPUT,LVCMOS25*,1,12,,,,,LOCATED,NO,NONE,
U23,SIN<6>,IOB,IO_L40P_GCLK11_M1A5_1,OUTPUT,LVCMOS25*,1,12,,,,,LOCATED,NO,NONE,
U24,PCLK<6>,IOB,IO_L40N_GCLK10_M1A6_1,OUTPUT,LVCMOS25*,1,12,,,,,LOCATED,NO,NONE,
U25,BOARD_CLOCKP,IOB,IO_L43P_GCLK5_M1DQ4_1,INPUT,LVDS_25,1,,,,NONE,,LOCATED,NO,NONE,
U26,BOARD_CLOCKN,IOB,IO_L43N_GCLK4_M1DQ5_1,,LVDS_25,1,,,,,,LOCATED,NO,,
V1,SR_CLOCK<2>,IOB,IO_L39N_M3LDQSN_3,OUTPUT,LVCMOS25*,3,12,,,,,LOCATED,NO,NONE,
V2,,,GND,,,,,,,,,,,,
V3,TDC_MON_TIMING<3>,IOB,IO_L39P_M3LDQS_3,INPUT,LVCMOS25*,3,,,,NONE,,LOCATED,NO,NONE,
V4,SSTIN_P<1>,IOB,IO_L42P_GCLK25_TRDY2_M3UDM_3,OUTPUT,LVCMOS25*,3,12,,,,,LOCATED,NO,NONE,
V5,SSTIN_P<4>,IOB,IO_L17P_3,OUTPUT,LVCMOS25*,3,12,,,,,LOCATED,NO,NONE,
V6,RAM1_WE,IOB,IO_L9N_3,OUTPUT,LVCMOS25*,3,12,,,,,LOCATED,NO,NONE,
V7,SAMPLESEL_ANY<4>,IOB,IO_L9P_3,OUTPUT,LVCMOS25*,3,12,,,,,LOCATED,NO,NONE,
V8,,,GND,,,,,,,,,,,,
V9,,,VCCAUX,,,,,,,,2.5,,,,
V10,BUSA_RD_ROWSEL_S<0>,IOB,IO_L46N_2,OUTPUT,LVCMOS25*,2,12,,,,,LOCATED,NO,NONE,
V11,BUSA_DO<11>,IOB,IO_L46P_2,INPUT,LVCMOS25*,2,,,,NONE,,LOCATED,NO,NONE,
V12,BUSA_DO<14>,IOB,IO_L35P_2,INPUT,LVCMOS25*,2,,,,NONE,,LOCATED,NO,NONE,
V13,BUSA_SAMPLESEL_S<0>,IOB,IO_L27N_2,OUTPUT,LVCMOS25*,2,12,,,,,LOCATED,NO,NONE,
V14,BUSB_DO<6>,IOB,IO_L26P_2,INPUT,LVCMOS25*,2,,,,NONE,,LOCATED,NO,NONE,
V15,BUSB_SAMPLESEL_S<2>,IOB,IO_L26N_2,OUTPUT,LVCMOS25*,2,12,,,,,LOCATED,NO,NONE,
V16,BUSB_RD_COLSEL_S<3>,IOB,IO_L17N_2,OUTPUT,LVCMOS25*,2,12,,,,,LOCATED,NO,NONE,
V17,,,VCCAUX,,,,,,,,2.5,,,,
V18,TDC_MON_TIMING<9>,IOB,IO_L12P_D1_MISO2_2,INPUT,LVCMOS25*,2,,,,NONE,,LOCATED,NO,NONE,
V19,,,RFUSE,,,,,,,,,,,,
V20,TOP_AMUX_S<0>,IOB,IO_L69P_1,OUTPUT,LVCMOS25*,1,12,,,,,LOCATED,NO,NONE,
V21,TDC10_TRG<2>,IOB,IO_L69N_VREF_1,INPUT,LVCMOS25*,1,,,,NONE,,LOCATED,NO,NONE,
V22,,,VBATT,,,,,,,,,,,,
V23,SIN<8>,IOB,IO_L42P_GCLK7_M1UDM_1,OUTPUT,LVCMOS25*,1,12,,,,,LOCATED,NO,NONE,
V24,TDC6_TRG_16,IOB,IO_L45P_A1_M1LDQS_1,INPUT,LVCMOS25*,1,,,,NONE,,LOCATED,NO,NONE,
V25,,,GND,,,,,,,,,,,,
V26,TDC_MON_TIMING<6>,IOB,IO_L45N_A0_M1LDQSN_1,INPUT,LVCMOS25*,1,,,,NONE,,LOCATED,NO,NONE,
W1,SSTIN_N<2>,IOB,IO_L38N_M3DQ3_3,OUTPUT,LVCMOS25*,3,12,,,,,LOCATED,NO,NONE,
W2,SSTIN_P<2>,IOB,IO_L38P_M3DQ2_3,OUTPUT,LVCMOS25*,3,12,,,,,LOCATED,NO,NONE,
W3,SSTIN_N<1>,IOB,IO_L42N_GCLK24_M3LDM_3,OUTPUT,LVCMOS25*,3,12,,,,,LOCATED,NO,NONE,
W4,,,VCCO_3,,,3,,,,,2.50,,,,
W5,SSTIN_N<4>,IOB,IO_L17N_VREF_3,OUTPUT,LVCMOS25*,3,12,,,,,LOCATED,NO,NONE,
W6,,,VCCO_3,,,3,,,,,2.50,,,,
W7,BUSA_RAMP,IOB,IO_L62N_D6_2,OUTPUT,LVCMOS25*,2,12,,,,,LOCATED,NO,NONE,
W8,BUSA_DO<1>,IOB,IO_L62P_D5_2,INPUT,LVCMOS25*,2,,,,NONE,,LOCATED,NO,NONE,
W9,BUSA_RD_COLSEL_S<1>,IOB,IO_L50N_2,OUTPUT,LVCMOS25*,2,12,,,,,LOCATED,NO,NONE,
W10,BUSA_RD_COLSEL_S<0>,IOB,IO_L50P_2,OUTPUT,LVCMOS25*,2,12,,,,,LOCATED,NO,NONE,
W11,,,VCCO_2,,,2,,,,,2.50,,,,
W12,BUSA_SAMPLESEL_S<3>,IOB,IO_L35N_2,OUTPUT,LVCMOS25*,2,12,,,,,LOCATED,NO,NONE,
W13,,,VCCAUX,,,,,,,,2.5,,,,
W14,BUSB_SR_CLEAR,IOB,IO_L34P_2,OUTPUT,LVCMOS25*,2,12,,,,,LOCATED,NO,NONE,
W15,,,VCCO_2,,,2,,,,,2.50,,,,
W16,BUSB_DO<9>,IOB,IO_L19P_2,INPUT,LVCMOS25*,2,,,,NONE,,LOCATED,NO,NONE,
W17,BUSB_DO<14>,IOB,IO_L14P_D11_2,INPUT,LVCMOS25*,2,,,,NONE,,LOCATED,NO,NONE,
W18,BUSB_RD_COLSEL_S<0>,IOB,IO_L14N_D12_2,OUTPUT,LVCMOS25*,2,12,,,,,LOCATED,NO,NONE,
W19,BUS_REGCLR,IOB,IO_L12N_D2_MISO3_2,OUTPUT,LVCMOS25*,2,12,,,,,LOCATED,NO,NONE,
W20,BUSB_RAMP,IOB,IO_L4P_2,OUTPUT,LVCMOS25*,2,12,,,,,LOCATED,NO,NONE,
W21,,,VCCO_1,,,1,,,,,2.50,,,,
W22,,,VFS,,,,,,,,,,,,
W23,,,VCCO_1,,,1,,,,,2.50,,,,
W24,TDC6_TRG<3>,IOB,IO_L42N_GCLK6_TRDY1_M1LDM_1,INPUT,LVCMOS25*,1,,,,NONE,,LOCATED,NO,NONE,
W25,SSTIN_P<7>,IOB,IO_L46P_FCS_B_M1DQ2_1,OUTPUT,LVCMOS25*,1,12,,,,,LOCATED,NO,NONE,
W26,SSTIN_N<7>,IOB,IO_L46N_FOE_B_M1DQ3_1,OUTPUT,LVCMOS25*,1,12,,,,,LOCATED,NO,NONE,
Y1,TDC_DONE<2>,IOB,IO_L37N_M3DQ1_3,INPUT,LVCMOS25*,3,,,,NONE,,LOCATED,NO,NONE,
Y2,,,VCCO_3,,,3,,,,,2.50,,,,
Y3,TDC2_TRG<2>,IOB,IO_L37P_M3DQ0_3,INPUT,LVCMOS25*,3,,,,NONE,,LOCATED,NO,NONE,
Y4,,,GND,,,,,,,,,,,,
Y5,SR_CLOCK<3>,IOB,IO_L7N_3,OUTPUT,LVCMOS25*,3,12,,,,,LOCATED,NO,NONE,
Y6,BUSA_SR_CLEAR,IOB,IO_L7P_3,OUTPUT,LVCMOS25*,3,12,,,,,LOCATED,NO,NONE,
Y7,,,GND,,,,,,,,,,,,
Y8,,,VCCO_2,,,2,,,,,2.50,,,,
Y9,BUSA_RD_COLSEL_S<2>,IOB,IO_L52P_2,OUTPUT,LVCMOS25*,2,12,,,,,LOCATED,NO,NONE,
Y10,,,GND,,,,,,,,,,,,
Y11,BUSA_DO<12>,IOB,IO_L41P_2,INPUT,LVCMOS25*,2,,,,NONE,,LOCATED,NO,NONE,
Y12,BUSA_SAMPLESEL_S<1>,IOB,IO_L33P_2,OUTPUT,LVCMOS25*,2,12,,,,,LOCATED,NO,NONE,
Y13,BUSA_SAMPLESEL_S<2>,IOB,IO_L34N_2,OUTPUT,LVCMOS25*,2,12,,,,,LOCATED,NO,NONE,
Y14,,,GND,,,,,,,,,,,,
Y15,BUSB_DO<7>,IOB,IO_L24P_2,INPUT,LVCMOS25*,2,,,,NONE,,LOCATED,NO,NONE,
Y16,BUSB_RD_COLSEL_S<5>,IOB,IO_L19N_2,OUTPUT,LVCMOS25*,2,12,,,,,LOCATED,NO,NONE,
Y17,BUSB_DO<12>,IOB,IO_L16P_2,INPUT,LVCMOS25*,2,,,,NONE,,LOCATED,NO,NONE,
Y18,,,VCCO_2,,,2,,,,,2.50,,,,
Y19,,,CMPCS_B_2,,,,,,,,,,,,
Y20,BUSB_RD_ROWSEL_S<1>,IOB,IO_L4N_VREF_2,OUTPUT,LVCMOS25*,2,12,,,,,LOCATED,NO,NONE,
Y21,BUSB_RD_ENA,IOB,IO_L2P_CMPCLK_2,OUTPUT,LVCMOS25*,2,12,,,,,LOCATED,NO,NONE,
Y22,,,SUSPEND,,,,,,,,,,,,
Y23,,,GND,,,,,,,,,,,,
Y24,SCLK<8>,IOB,IO_L51P_M1DQ12_1,OUTPUT,LVCMOS25*,1,12,,,,,LOCATED,NO,NONE,
Y25,,,VCCO_1,,,1,,,,,2.50,,,,
Y26,TDC_DONE<6>,IOB,IO_L51N_M1DQ13_1,INPUT,LVCMOS25*,1,,,,NONE,,LOCATED,NO,NONE,

# -----,-----,-----,-----,-----,-----,-----,-----,-----,-----,-----,-----,-----,-----,-----,
# 
#* Default value.
#** This default Pullup/Pulldown value can be overridden in Bitgen. 
#****** Special VCCO requirements may apply. Please consult the device 
#       family datasheet for specific guideline on VCCO requirements. 
#
#
#